Year,borough,geography,geography_id,Number,"Rate (per 1,000 tested)",Num. children < 6 w/ blood lead levels >= 5 mcg/dL (number),Perc. children < 6 w/blood lead levels >= 5 mcg/dL (percent),Num. children < 6 w/blood lead levels >= 10 mcg/dL (number),"Rate children < 6 w/blood lead levels >= 10 mcg/dL (per 1,000 tested)",
2005,New York City, New York City,1,37344 ,120.4 ,-,-,-,-,
2006,New York City, New York City,1,34630 ,110.3 ,-,-,-,-,
2007,New York City, New York City,1,30493 ,95.8 ,-,-,-,-,
2008,New York City, New York City,1,20423 ,62.3 ,-,-,-,-,
2009,New York City, New York City,1,15224 ,45.9 ,-,-,-,-,
2010,New York City, New York City,1,13951 ,40.9 ,-,-,-,-,
2011,New York City, New York City,1,11437 ,33.4 ,-,-,-,-,
2012,New York City, New York City,1,8179 ,24.9 ,-,-,-,-,
2014,New York City, New York City,1,-,-,"6,550 ",2.1 ,959 ,3.0 ,
2005,Bronx, Bronx,1,8245 ,127.7 ,-,-,-,-,
2006,Bronx, Bronx,1,7271 ,108.2 ,-,-,-,-,
2007,Bronx, Bronx,1,6174 ,90.4 ,-,-,-,-,
2008,Bronx, Bronx,1,4254 ,60.9 ,-,-,-,-,
2009,Bronx, Bronx,1,2742 ,39.2 ,-,-,-,-,
2010,Bronx, Bronx,1,2625 ,37.5 ,-,-,-,-,
2011,Bronx, Bronx,1,1996 ,28.5 ,-,-,-,-,
2012,Bronx, Bronx,1,1396 ,20.9 ,-,-,-,-,
2014,Bronx, Bronx,1,-,-,"1,186 ",1.9 ,177 ,2.8 ,
2005,Brooklyn, Brooklyn,2,15015 ,140.6 ,-,-,-,-,
2006,Brooklyn, Brooklyn,2,14199 ,136.9 ,-,-,-,-,
2007,Brooklyn, Brooklyn,2,12622 ,120.7 ,-,-,-,-,
2008,Brooklyn, Brooklyn,2,8288 ,76.6 ,-,-,-,-,
2009,Brooklyn, Brooklyn,2,6719 ,60.0 ,-,-,-,-,
2010,Brooklyn, Brooklyn,2,6182 ,52.6 ,-,-,-,-,
2011,Brooklyn, Brooklyn,2,5483 ,45.8 ,-,-,-,-,
2012,Brooklyn, Brooklyn,2,4017 ,35.3 ,-,-,-,-,
2014,Brooklyn, Brooklyn,2,-,-,"2,929 ",2.7 ,412 ,3.8 ,
2005,Manhattan, Manhattan,3,4851 ,110.6 ,-,-,-,-,
2006,Manhattan, Manhattan,3,4532 ,101.7 ,-,-,-,-,
2007,Manhattan, Manhattan,3,3935 ,88.2 ,-,-,-,-,
2008,Manhattan, Manhattan,3,2428 ,55.4 ,-,-,-,-,
2009,Manhattan, Manhattan,3,1579 ,36.4 ,-,-,-,-,
2010,Manhattan, Manhattan,3,1228 ,27.2 ,-,-,-,-,
2011,Manhattan, Manhattan,3,992 ,22.2 ,-,-,-,-,
2012,Manhattan, Manhattan,3,654 ,15.3 ,-,-,-,-,
2014,Manhattan, Manhattan,3,-,-,539 ,1.4 ,68 ,1.8 ,
2005,Queens, Queens,4,8238 ,102.5 ,-,-,-,-,
2006,Queens, Queens,4,7639 ,92.3 ,-,-,-,-,
2007,Queens, Queens,4,6699 ,79.6 ,-,-,-,-,
2008,Queens, Queens,4,4821 ,53.7 ,-,-,-,-,
2009,Queens, Queens,4,3649 ,40.2 ,-,-,-,-,
2010,Queens, Queens,4,3528 ,38.2 ,-,-,-,-,
2011,Queens, Queens,4,2649 ,28.5 ,-,-,-,-,
2012,Queens, Queens,4,1864 ,20.6 ,-,-,-,-,
2014,Queens, Queens,4,-,-,"1,658 ",1.9 ,271 ,3.0 ,
2005,Staten Island, Staten Island,5,990 ,68.2 ,-,-,-,-,
2006,Staten Island, Staten Island,5,983 ,62.9 ,-,-,-,-,
2007,Staten Island, Staten Island,5,1049 ,63.5 ,-,-,-,-,
2008,Staten Island, Staten Island,5,611 ,38.2 ,-,-,-,-,
2009,Staten Island, Staten Island,5,528 ,33.8 ,-,-,-,-,
2010,Staten Island, Staten Island,5,388 ,24.3 ,-,-,-,-,
2011,Staten Island, Staten Island,5,317 ,20.6 ,-,-,-,-,
2012,Staten Island, Staten Island,5,246 ,16.8 ,-,-,-,-,
2014,Staten Island, Staten Island,5,-,-,238 ,1.7 ,31 ,2.2 ,
2005,Queens, Bayside - Little Neck,404,103 ,53.3 ,-,-,-,-,
2006,Queens, Bayside - Little Neck,404,80 ,42.0 ,-,-,-,-,
2007,Queens, Bayside - Little Neck,404,86 ,43.5 ,-,-,-,-,
2008,Queens, Bayside - Little Neck,404,65 ,29.8 ,-,-,-,-,
2009,Queens, Bayside - Little Neck,404,63 ,28.6 ,-,-,-,-,
2010,Queens, Bayside - Little Neck,404,52 ,24.0 ,-,-,-,-,
2011,Queens, Bayside - Little Neck,404,29 ,13.2 ,-,-,-,-,
2012,Queens, Bayside - Little Neck,404,11* ,5.0* ,-,-,-,-,
2014,Queens, Bayside - Little Neck,404,-,-,9* ,0.4* ,**,0.9* ,
2005,Brooklyn, Bedford Stuyvesant - Crown Heights,203,2528 ,156.8 ,-,-,-,-,
2006,Brooklyn, Bedford Stuyvesant - Crown Heights,203,2442 ,162.2 ,-,-,-,-,
2007,Brooklyn, Bedford Stuyvesant - Crown Heights,203,2132 ,139.5 ,-,-,-,-,
2008,Brooklyn, Bedford Stuyvesant - Crown Heights,203,1237 ,81.0 ,-,-,-,-,
2009,Brooklyn, Bedford Stuyvesant - Crown Heights,203,834 ,52.5 ,-,-,-,-,
2010,Brooklyn, Bedford Stuyvesant - Crown Heights,203,801 ,50.0 ,-,-,-,-,
2011,Brooklyn, Bedford Stuyvesant - Crown Heights,203,727 ,45.1 ,-,-,-,-,
2012,Brooklyn, Bedford Stuyvesant - Crown Heights,203,477 ,32.1 ,-,-,-,-,
2014,Brooklyn, Bedford Stuyvesant - Crown Heights,203,-,-,368 ,2.7 ,50 ,3.6 ,
2005,Brooklyn, Bensonhurst - Bay Ridge,209,500 ,84.3 ,-,-,-,-,
2006,Brooklyn, Bensonhurst - Bay Ridge,209,530 ,85.2 ,-,-,-,-,
2007,Brooklyn, Bensonhurst - Bay Ridge,209,437 ,70.2 ,-,-,-,-,
2008,Brooklyn, Bensonhurst - Bay Ridge,209,327 ,50.7 ,-,-,-,-,
2009,Brooklyn, Bensonhurst - Bay Ridge,209,281 ,42.3 ,-,-,-,-,
2010,Brooklyn, Bensonhurst - Bay Ridge,209,284 ,40.1 ,-,-,-,-,
2011,Brooklyn, Bensonhurst - Bay Ridge,209,241 ,34.2 ,-,-,-,-,
2012,Brooklyn, Bensonhurst - Bay Ridge,209,163 ,23.5 ,-,-,-,-,
2014,Brooklyn, Bensonhurst - Bay Ridge,209,-,-,167 ,2.3 ,35 ,4.8 ,
2005,Brooklyn, Borough Park,206,1537 ,127.9 ,-,-,-,-,
2006,Brooklyn, Borough Park,206,1660 ,139.9 ,-,-,-,-,
2007,Brooklyn, Borough Park,206,1566 ,130.2 ,-,-,-,-,
2008,Brooklyn, Borough Park,206,1302 ,96.8 ,-,-,-,-,
2009,Brooklyn, Borough Park,206,1223 ,85.3 ,-,-,-,-,
2010,Brooklyn, Borough Park,206,1152 ,73.0 ,-,-,-,-,
2011,Brooklyn, Borough Park,206,1061 ,62.4 ,-,-,-,-,
2012,Brooklyn, Borough Park,206,887 ,52.6 ,-,-,-,-,
2014,Brooklyn, Borough Park,206,-,-,702 ,4.1 ,101 ,5.9 ,
2005,Brooklyn, Canarsie - Flatlands,208,701 ,94.9 ,-,-,-,-,
2006,Brooklyn, Canarsie - Flatlands,208,699 ,94.0 ,-,-,-,-,
2007,Brooklyn, Canarsie - Flatlands,208,628 ,86.0 ,-,-,-,-,
2008,Brooklyn, Canarsie - Flatlands,208,392 ,52.7 ,-,-,-,-,
2009,Brooklyn, Canarsie - Flatlands,208,272 ,36.1 ,-,-,-,-,
2010,Brooklyn, Canarsie - Flatlands,208,262 ,32.8 ,-,-,-,-,
2011,Brooklyn, Canarsie - Flatlands,208,192 ,24.2 ,-,-,-,-,
2012,Brooklyn, Canarsie - Flatlands,208,129 ,17.4 ,-,-,-,-,
2014,Brooklyn, Canarsie - Flatlands,208,-,-,97 ,1.3 ,8* ,1.1* ,
2005,Manhattan, Central Harlem - Morningside Heights,302,892 ,146.2 ,-,-,-,-,
2006,Manhattan, Central Harlem - Morningside Heights,302,776 ,124.0 ,-,-,-,-,
2007,Manhattan, Central Harlem - Morningside Heights,302,617 ,98.9 ,-,-,-,-,
2008,Manhattan, Central Harlem - Morningside Heights,302,425 ,68.8 ,-,-,-,-,
2009,Manhattan, Central Harlem - Morningside Heights,302,289 ,46.6 ,-,-,-,-,
2010,Manhattan, Central Harlem - Morningside Heights,302,249 ,39.6 ,-,-,-,-,
2011,Manhattan, Central Harlem - Morningside Heights,302,192 ,30.3 ,-,-,-,-,
2012,Manhattan, Central Harlem - Morningside Heights,302,94 ,15.4 ,-,-,-,-,
2014,Manhattan, Central Harlem - Morningside Heights,302,-,-,88 ,1.6 ,9* ,1.6* ,
2005,Manhattan, Chelsea - Clinton,306,227 ,104.9 ,-,-,-,-,
2006,Manhattan, Chelsea - Clinton,306,188 ,84.5 ,-,-,-,-,
2007,Manhattan, Chelsea - Clinton,306,186 ,88.2 ,-,-,-,-,
2008,Manhattan, Chelsea - Clinton,306,129 ,62.0 ,-,-,-,-,
2009,Manhattan, Chelsea - Clinton,306,89 ,41.3 ,-,-,-,-,
2010,Manhattan, Chelsea - Clinton,306,48 ,21.6 ,-,-,-,-,
2011,Manhattan, Chelsea - Clinton,306,41 ,19.0 ,-,-,-,-,
2012,Manhattan, Chelsea - Clinton,306,37 ,17.4 ,-,-,-,-,
2014,Manhattan, Chelsea - Clinton,306,-,-,24 ,1.4 ,**,0.6* ,
2005,Brooklyn, Coney Island - Sheepshead Bay,210,1035 ,115.7 ,-,-,-,-,
2006,Brooklyn, Coney Island - Sheepshead Bay,210,919 ,101.4 ,-,-,-,-,
2007,Brooklyn, Coney Island - Sheepshead Bay,210,863 ,95.3 ,-,-,-,-,
2008,Brooklyn, Coney Island - Sheepshead Bay,210,597 ,63.7 ,-,-,-,-,
2009,Brooklyn, Coney Island - Sheepshead Bay,210,608 ,62.0 ,-,-,-,-,
2010,Brooklyn, Coney Island - Sheepshead Bay,210,518 ,49.5 ,-,-,-,-,
2011,Brooklyn, Coney Island - Sheepshead Bay,210,452 ,41.1 ,-,-,-,-,
2012,Brooklyn, Coney Island - Sheepshead Bay,210,374 ,35.6 ,-,-,-,-,
2014,Brooklyn, Coney Island - Sheepshead Bay,210,-,-,262 ,2.5 ,42 ,3.9 ,
2005,Bronx, Crotona -Tremont,105,1534 ,135.5 ,-,-,-,-,
2006,Bronx, Crotona -Tremont,105,1338 ,112.0 ,-,-,-,-,
2007,Bronx, Crotona -Tremont,105,1093 ,90.5 ,-,-,-,-,
2008,Bronx, Crotona -Tremont,105,746 ,61.4 ,-,-,-,-,
2009,Bronx, Crotona -Tremont,105,486 ,40.3 ,-,-,-,-,
2010,Bronx, Crotona -Tremont,105,435 ,36.5 ,-,-,-,-,
2011,Bronx, Crotona -Tremont,105,338 ,28.4 ,-,-,-,-,
2012,Bronx, Crotona -Tremont,105,260 ,22.8 ,-,-,-,-,
2014,Bronx, Crotona -Tremont,105,-,-,191 ,1.8 ,28 ,2.6 ,
2005,Brooklyn, Downtown - Heights - Slope,202,832 ,127.4 ,-,-,-,-,
2006,Brooklyn, Downtown - Heights - Slope,202,770 ,117.2 ,-,-,-,-,
2007,Brooklyn, Downtown - Heights - Slope,202,699 ,105.1 ,-,-,-,-,
2008,Brooklyn, Downtown - Heights - Slope,202,476 ,67.3 ,-,-,-,-,
2009,Brooklyn, Downtown - Heights - Slope,202,378 ,50.5 ,-,-,-,-,
2010,Brooklyn, Downtown - Heights - Slope,202,355 ,43.5 ,-,-,-,-,
2011,Brooklyn, Downtown - Heights - Slope,202,311 ,37.5 ,-,-,-,-,
2012,Brooklyn, Downtown - Heights - Slope,202,217 ,28.4 ,-,-,-,-,
2014,Brooklyn, Downtown - Heights - Slope,202,-,-,144 ,1.9 ,18 ,2.4 ,
2005,Brooklyn, East Flatbush - Flatbush,207,2214 ,150.0 ,-,-,-,-,
2006,Brooklyn, East Flatbush - Flatbush,207,2122 ,153.1 ,-,-,-,-,
2007,Brooklyn, East Flatbush - Flatbush,207,1852 ,135.7 ,-,-,-,-,
2008,Brooklyn, East Flatbush - Flatbush,207,1094 ,79.1 ,-,-,-,-,
2009,Brooklyn, East Flatbush - Flatbush,207,799 ,56.9 ,-,-,-,-,
2010,Brooklyn, East Flatbush - Flatbush,207,788 ,54.0 ,-,-,-,-,
2011,Brooklyn, East Flatbush - Flatbush,207,670 ,46.1 ,-,-,-,-,
2012,Brooklyn, East Flatbush - Flatbush,207,450 ,33.6 ,-,-,-,-,
2014,Brooklyn, East Flatbush - Flatbush,207,-,-,304 ,2.5 ,38 ,3.1 ,
2005,Manhattan, East Harlem,303,778 ,161.8 ,-,-,-,-,
2006,Manhattan, East Harlem,303,762 ,154.2 ,-,-,-,-,
2007,Manhattan, East Harlem,303,525 ,111.5 ,-,-,-,-,
2008,Manhattan, East Harlem,303,271 ,58.9 ,-,-,-,-,
2009,Manhattan, East Harlem,303,158 ,35.1 ,-,-,-,-,
2010,Manhattan, East Harlem,303,144 ,32.4 ,-,-,-,-,
2011,Manhattan, East Harlem,303,116 ,26.2 ,-,-,-,-,
2012,Manhattan, East Harlem,303,63 ,15.1 ,-,-,-,-,
2014,Manhattan, East Harlem,303,-,-,66 ,1.7 ,7* ,1.9* ,
2005,Brooklyn, East New York,204,1767 ,163.8 ,-,-,-,-,
2006,Brooklyn, East New York,204,1596 ,153.8 ,-,-,-,-,
2007,Brooklyn, East New York,204,1378 ,128.9 ,-,-,-,-,
2008,Brooklyn, East New York,204,742 ,68.5 ,-,-,-,-,
2009,Brooklyn, East New York,204,504 ,45.0 ,-,-,-,-,
2010,Brooklyn, East New York,204,434 ,38.8 ,-,-,-,-,
2011,Brooklyn, East New York,204,426 ,38.2 ,-,-,-,-,
2012,Brooklyn, East New York,204,279 ,26.4 ,-,-,-,-,
2014,Brooklyn, East New York,204,-,-,220 ,2.2 ,40 ,3.9 ,
2005,Queens, Flushing - Clearview,403,458 ,67.9 ,-,-,-,-,
2006,Queens, Flushing - Clearview,403,455 ,64.6 ,-,-,-,-,
2007,Queens, Flushing - Clearview,403,424 ,57.6 ,-,-,-,-,
2008,Queens, Flushing - Clearview,403,312 ,39.0 ,-,-,-,-,
2009,Queens, Flushing - Clearview,403,239 ,29.3 ,-,-,-,-,
2010,Queens, Flushing - Clearview,403,241 ,28.7 ,-,-,-,-,
2011,Queens, Flushing - Clearview,403,149 ,18.1 ,-,-,-,-,
2012,Queens, Flushing - Clearview,403,114 ,13.5 ,-,-,-,-,
2014,Queens, Flushing - Clearview,403,-,-,119 ,1.3 ,17 ,1.9 ,
2005,Bronx, Fordham - Bronx Pk,103,1697 ,130.5 ,-,-,-,-,
2006,Bronx, Fordham - Bronx Pk,103,1457 ,109.7 ,-,-,-,-,
2007,Bronx, Fordham - Bronx Pk,103,1288 ,97.0 ,-,-,-,-,
2008,Bronx, Fordham - Bronx Pk,103,951 ,69.5 ,-,-,-,-,
2009,Bronx, Fordham - Bronx Pk,103,647 ,46.5 ,-,-,-,-,
2010,Bronx, Fordham - Bronx Pk,103,629 ,45.1 ,-,-,-,-,
2011,Bronx, Fordham - Bronx Pk,103,453 ,32.5 ,-,-,-,-,
2012,Bronx, Fordham - Bronx Pk,103,348 ,27.0 ,-,-,-,-,
2014,Bronx, Fordham - Bronx Pk,103,-,-,281 ,2.2 ,48 ,3.8 ,
2005,Queens, Fresh Meadows,406,204 ,60.1 ,-,-,-,-,
2006,Queens, Fresh Meadows,406,218 ,63.4 ,-,-,-,-,
2007,Queens, Fresh Meadows,406,216 ,61.6 ,-,-,-,-,
2008,Queens, Fresh Meadows,406,147 ,40.4 ,-,-,-,-,
2009,Queens, Fresh Meadows,406,131 ,34.2 ,-,-,-,-,
2010,Queens, Fresh Meadows,406,93 ,24.0 ,-,-,-,-,
2011,Queens, Fresh Meadows,406,67 ,16.8 ,-,-,-,-,
2012,Queens, Fresh Meadows,406,54 ,13.6 ,-,-,-,-,
2014,Queens, Fresh Meadows,406,-,-,45 ,1.1 ,7* ,1.7* ,
2005,Manhattan, Gramercy Park - Murray Hill,307,153 ,85.7 ,-,-,-,-,
2006,Manhattan, Gramercy Park - Murray Hill,307,154 ,78.9 ,-,-,-,-,
2007,Manhattan, Gramercy Park - Murray Hill,307,151 ,79.2 ,-,-,-,-,
2008,Manhattan, Gramercy Park - Murray Hill,307,77 ,41.0 ,-,-,-,-,
2009,Manhattan, Gramercy Park - Murray Hill,307,69 ,34.6 ,-,-,-,-,
2010,Manhattan, Gramercy Park - Murray Hill,307,51 ,23.5 ,-,-,-,-,
2011,Manhattan, Gramercy Park - Murray Hill,307,33 ,16.1 ,-,-,-,-,
2012,Manhattan, Gramercy Park - Murray Hill,307,27 ,13.3 ,-,-,-,-,
2014,Manhattan, Gramercy Park - Murray Hill,307,-,-,13 ,0.7 ,**,2.3* ,
2005,Brooklyn, Greenpoint,201,869 ,171.1 ,-,-,-,-,
2006,Brooklyn, Greenpoint,201,786 ,169.3 ,-,-,-,-,
2007,Brooklyn, Greenpoint,201,864 ,182.8 ,-,-,-,-,
2008,Brooklyn, Greenpoint,201,657 ,138.2 ,-,-,-,-,
2009,Brooklyn, Greenpoint,201,597 ,121.1 ,-,-,-,-,
2010,Brooklyn, Greenpoint,201,519 ,101.5 ,-,-,-,-,
2011,Brooklyn, Greenpoint,201,526 ,104.9 ,-,-,-,-,
2012,Brooklyn, Greenpoint,201,394 ,80.9 ,-,-,-,-,
2014,Brooklyn, Greenpoint,201,-,-,229 ,5.6 ,23 ,5.6 ,
2005,Manhattan, Greenwich Village - SoHo,308,209 ,150.5 ,-,-,-,-,
2006,Manhattan, Greenwich Village - SoHo,308,190 ,130.0 ,-,-,-,-,
2007,Manhattan, Greenwich Village - SoHo,308,188 ,121.1 ,-,-,-,-,
2008,Manhattan, Greenwich Village - SoHo,308,115 ,78.4 ,-,-,-,-,
2009,Manhattan, Greenwich Village - SoHo,308,82 ,55.6 ,-,-,-,-,
2010,Manhattan, Greenwich Village - SoHo,308,74 ,42.8 ,-,-,-,-,
2011,Manhattan, Greenwich Village - SoHo,308,50 ,29.6 ,-,-,-,-,
2012,Manhattan, Greenwich Village - SoHo,308,34 ,21.4 ,-,-,-,-,
2014,Manhattan, Greenwich Village - SoHo,308,-,-,37 ,2.8 ,7* ,5.3* ,
2005,Bronx, High Bridge - Morrisania,106,1544 ,138.6 ,-,-,-,-,
2006,Bronx, High Bridge - Morrisania,106,1441 ,119.0 ,-,-,-,-,
2007,Bronx, High Bridge - Morrisania,106,1179 ,95.3 ,-,-,-,-,
2008,Bronx, High Bridge - Morrisania,106,809 ,64.8 ,-,-,-,-,
2009,Bronx, High Bridge - Morrisania,106,502 ,40.6 ,-,-,-,-,
2010,Bronx, High Bridge - Morrisania,106,516 ,42.0 ,-,-,-,-,
2011,Bronx, High Bridge - Morrisania,106,380 ,30.4 ,-,-,-,-,
2012,Bronx, High Bridge - Morrisania,106,273 ,22.8 ,-,-,-,-,
2014,Bronx, High Bridge - Morrisania,106,-,-,222 ,1.9 ,33 ,2.9 ,
2005,Bronx, Hunts Point - Mott Haven,107,1085 ,144.5 ,-,-,-,-,
2006,Bronx, Hunts Point - Mott Haven,107,827 ,104.9 ,-,-,-,-,
2007,Bronx, Hunts Point - Mott Haven,107,699 ,86.4 ,-,-,-,-,
2008,Bronx, Hunts Point - Mott Haven,107,484 ,58.5 ,-,-,-,-,
2009,Bronx, Hunts Point - Mott Haven,107,279 ,33.9 ,-,-,-,-,
2010,Bronx, Hunts Point - Mott Haven,107,294 ,35.0 ,-,-,-,-,
2011,Bronx, Hunts Point - Mott Haven,107,227 ,26.6 ,-,-,-,-,
2012,Bronx, Hunts Point - Mott Haven,107,148 ,18.0 ,-,-,-,-,
2014,Bronx, Hunts Point - Mott Haven,107,-,-,141 ,1.9 ,11* ,1.5* ,
2005,Queens, Jamaica,408,1331 ,108.2 ,-,-,-,-,
2006,Queens, Jamaica,408,1146 ,93.0 ,-,-,-,-,
2007,Queens, Jamaica,408,1052 ,83.2 ,-,-,-,-,
2008,Queens, Jamaica,408,728 ,54.4 ,-,-,-,-,
2009,Queens, Jamaica,408,555 ,41.2 ,-,-,-,-,
2010,Queens, Jamaica,408,563 ,40.5 ,-,-,-,-,
2011,Queens, Jamaica,408,452 ,32.2 ,-,-,-,-,
2012,Queens, Jamaica,408,330 ,24.3 ,-,-,-,-,
2014,Queens, Jamaica,408,-,-,282 ,2.1 ,54 ,4.0 ,
2005,Bronx, Kingsbridge - Riverdale,101,198 ,71.9 ,-,-,-,-,
2006,Bronx, Kingsbridge - Riverdale,101,179 ,60.8 ,-,-,-,-,
2007,Bronx, Kingsbridge - Riverdale,101,243 ,76.6 ,-,-,-,-,
2008,Bronx, Kingsbridge - Riverdale,101,147 ,45.7 ,-,-,-,-,
2009,Bronx, Kingsbridge - Riverdale,101,85 ,25.5 ,-,-,-,-,
2010,Bronx, Kingsbridge - Riverdale,101,74 ,21.4 ,-,-,-,-,
2011,Bronx, Kingsbridge - Riverdale,101,61 ,18.1 ,-,-,-,-,
2012,Bronx, Kingsbridge - Riverdale,101,33 ,9.8 ,-,-,-,-,
2014,Bronx, Kingsbridge - Riverdale,101,-,-,33 ,1.0 ,**,1.2* ,
2005,Queens, Long Island City - Astoria,401,754 ,108.2 ,-,-,-,-,
2006,Queens, Long Island City - Astoria,401,681 ,97.8 ,-,-,-,-,
2007,Queens, Long Island City - Astoria,401,628 ,89.9 ,-,-,-,-,
2008,Queens, Long Island City - Astoria,401,405 ,56.6 ,-,-,-,-,
2009,Queens, Long Island City - Astoria,401,291 ,42.0 ,-,-,-,-,
2010,Queens, Long Island City - Astoria,401,278 ,40.0 ,-,-,-,-,
2011,Queens, Long Island City - Astoria,401,189 ,27.1 ,-,-,-,-,
2012,Queens, Long Island City - Astoria,401,162 ,23.4 ,-,-,-,-,
2014,Queens, Long Island City - Astoria,401,-,-,136 ,2.0 ,18 ,2.7 ,
2005,Manhattan, Lower Manhattan,310,94 ,111.5 ,-,-,-,-,
2006,Manhattan, Lower Manhattan,310,66 ,80.5 ,-,-,-,-,
2007,Manhattan, Lower Manhattan,310,82 ,79.2 ,-,-,-,-,
2008,Manhattan, Lower Manhattan,310,42 ,40.9 ,-,-,-,-,
2009,Manhattan, Lower Manhattan,310,32 ,27.9 ,-,-,-,-,
2010,Manhattan, Lower Manhattan,310,40 ,25.2 ,-,-,-,-,
2011,Manhattan, Lower Manhattan,310,20 ,12.3 ,-,-,-,-,
2012,Manhattan, Lower Manhattan,310,17 ,10.6 ,-,-,-,-,
2014,Manhattan, Lower Manhattan,310,-,-,9* ,0.7* ,**,2.2* ,
2005,Bronx, Northeast Bronx,102,826 ,121.6 ,-,-,-,-,
2006,Bronx, Northeast Bronx,102,714 ,103.6 ,-,-,-,-,
2007,Bronx, Northeast Bronx,102,632 ,89.5 ,-,-,-,-,
2008,Bronx, Northeast Bronx,102,420 ,57.3 ,-,-,-,-,
2009,Bronx, Northeast Bronx,102,274 ,36.5 ,-,-,-,-,
2010,Bronx, Northeast Bronx,102,255 ,34.7 ,-,-,-,-,
2011,Bronx, Northeast Bronx,102,186 ,26.4 ,-,-,-,-,
2012,Bronx, Northeast Bronx,102,130 ,19.7 ,-,-,-,-,
2014,Bronx, Northeast Bronx,102,-,-,115 ,1.9 ,21 ,3.4 ,
2005,Bronx, Pelham - Throgs Neck,104,1314 ,113.2 ,-,-,-,-,
2006,Bronx, Pelham - Throgs Neck,104,1251 ,108.2 ,-,-,-,-,
2007,Bronx, Pelham - Throgs Neck,104,992 ,84.6 ,-,-,-,-,
2008,Bronx, Pelham - Throgs Neck,104,666 ,54.9 ,-,-,-,-,
2009,Bronx, Pelham - Throgs Neck,104,457 ,37.4 ,-,-,-,-,
2010,Bronx, Pelham - Throgs Neck,104,405 ,32.8 ,-,-,-,-,
2011,Bronx, Pelham - Throgs Neck,104,343 ,27.6 ,-,-,-,-,
2012,Bronx, Pelham - Throgs Neck,104,193 ,16.1 ,-,-,-,-,
2014,Bronx, Pelham - Throgs Neck,104,-,-,200 ,1.8 ,32 ,2.9 ,
2005,Staten Island, Port Richmond,501,293 ,106.5 ,-,-,-,-,
2006,Staten Island, Port Richmond,501,293 ,89.3 ,-,-,-,-,
2007,Staten Island, Port Richmond,501,337 ,99.5 ,-,-,-,-,
2008,Staten Island, Port Richmond,501,218 ,66.6 ,-,-,-,-,
2009,Staten Island, Port Richmond,501,164 ,47.6 ,-,-,-,-,
2010,Staten Island, Port Richmond,501,146 ,40.8 ,-,-,-,-,
2011,Staten Island, Port Richmond,501,112 ,31.6 ,-,-,-,-,
2012,Staten Island, Port Richmond,501,98 ,29.2 ,-,-,-,-,
2014,Staten Island, Port Richmond,501,-,-,100 ,3.3 ,16 ,5.3 ,
2005,Queens, Ridgewood - Forest Hills,405,735 ,94.8 ,-,-,-,-,
2006,Queens, Ridgewood - Forest Hills,405,647 ,81.0 ,-,-,-,-,
2007,Queens, Ridgewood - Forest Hills,405,652 ,80.4 ,-,-,-,-,
2008,Queens, Ridgewood - Forest Hills,405,474 ,53.7 ,-,-,-,-,
2009,Queens, Ridgewood - Forest Hills,405,369 ,42.1 ,-,-,-,-,
2010,Queens, Ridgewood - Forest Hills,405,384 ,40.8 ,-,-,-,-,
2011,Queens, Ridgewood - Forest Hills,405,288 ,29.6 ,-,-,-,-,
2012,Queens, Ridgewood - Forest Hills,405,193 ,20.5 ,-,-,-,-,
2014,Queens, Ridgewood - Forest Hills,405,-,-,167 ,1.8 ,23 ,2.4 ,
2005,Queens, Rockaways,410,474 ,106.3 ,-,-,-,-,
2006,Queens, Rockaways,410,422 ,92.5 ,-,-,-,-,
2007,Queens, Rockaways,410,326 ,70.2 ,-,-,-,-,
2008,Queens, Rockaways,410,228 ,45.9 ,-,-,-,-,
2009,Queens, Rockaways,410,164 ,32.2 ,-,-,-,-,
2010,Queens, Rockaways,410,202 ,37.6 ,-,-,-,-,
2011,Queens, Rockaways,410,128 ,23.7 ,-,-,-,-,
2012,Queens, Rockaways,410,85 ,17.1 ,-,-,-,-,
2014,Queens, Rockaways,410,-,-,88 ,1.8 ,12 ,2.4 ,
2005,Staten Island, South Beach - Tottenville,504,167 ,33.3 ,-,-,-,-,
2006,Staten Island, South Beach - Tottenville,504,182 ,35.3 ,-,-,-,-,
2007,Staten Island, South Beach - Tottenville,504,187 ,35.2 ,-,-,-,-,
2008,Staten Island, South Beach - Tottenville,504,74 ,14.7 ,-,-,-,-,
2009,Staten Island, South Beach - Tottenville,504,85 ,18.0 ,-,-,-,-,
2010,Staten Island, South Beach - Tottenville,504,59 ,12.4 ,-,-,-,-,
2011,Staten Island, South Beach - Tottenville,504,38 ,8.6 ,-,-,-,-,
2012,Staten Island, South Beach - Tottenville,504,24 ,5.9 ,-,-,-,-,
2014,Staten Island, South Beach - Tottenville,504,-,-,26 ,0.6 ,**,0.5* ,
2005,Queens, Southeast Queens,409,641 ,98.7 ,-,-,-,-,
2006,Queens, Southeast Queens,409,556 ,87.7 ,-,-,-,-,
2007,Queens, Southeast Queens,409,479 ,77.6 ,-,-,-,-,
2008,Queens, Southeast Queens,409,357 ,55.0 ,-,-,-,-,
2009,Queens, Southeast Queens,409,289 ,43.6 ,-,-,-,-,
2010,Queens, Southeast Queens,409,247 ,37.3 ,-,-,-,-,
2011,Queens, Southeast Queens,409,198 ,30.2 ,-,-,-,-,
2012,Queens, Southeast Queens,409,119 ,19.3 ,-,-,-,-,
2014,Queens, Southeast Queens,409,-,-,97 ,1.6 ,13 ,2.1 ,
2005,Queens, Southwest Queens,407,1213 ,116.9 ,-,-,-,-,
2006,Queens, Southwest Queens,407,1035 ,100.4 ,-,-,-,-,
2007,Queens, Southwest Queens,407,993 ,91.8 ,-,-,-,-,
2008,Queens, Southwest Queens,407,626 ,55.6 ,-,-,-,-,
2009,Queens, Southwest Queens,407,494 ,42.5 ,-,-,-,-,
2010,Queens, Southwest Queens,407,459 ,39.1 ,-,-,-,-,
2011,Queens, Southwest Queens,407,371 ,31.4 ,-,-,-,-,
2012,Queens, Southwest Queens,407,262 ,23.2 ,-,-,-,-,
2014,Queens, Southwest Queens,407,-,-,238 ,2.2 ,51 ,4.6 ,
2005,Staten Island, Stapleton - St. George,502,421 ,98.2 ,-,-,-,-,
2006,Staten Island, Stapleton - St. George,502,405 ,85.8 ,-,-,-,-,
2007,Staten Island, Stapleton - St. George,502,414 ,82.9 ,-,-,-,-,
2008,Staten Island, Stapleton - St. George,502,258 ,51.9 ,-,-,-,-,
2009,Staten Island, Stapleton - St. George,502,210 ,43.5 ,-,-,-,-,
2010,Staten Island, Stapleton - St. George,502,145 ,29.3 ,-,-,-,-,
2011,Staten Island, Stapleton - St. George,502,129 ,26.4 ,-,-,-,-,
2012,Staten Island, Stapleton - St. George,502,97 ,20.1 ,-,-,-,-,
2014,Staten Island, Stapleton - St. George,502,-,-,96 ,2.1 ,11* ,2.4* ,
2005,Brooklyn, Sunset Park,205,852 ,126.3 ,-,-,-,-,
2006,Brooklyn, Sunset Park,205,737 ,117.7 ,-,-,-,-,
2007,Brooklyn, Sunset Park,205,662 ,98.3 ,-,-,-,-,
2008,Brooklyn, Sunset Park,205,502 ,66.8 ,-,-,-,-,
2009,Brooklyn, Sunset Park,205,432 ,55.4 ,-,-,-,-,
2010,Brooklyn, Sunset Park,205,348 ,40.4 ,-,-,-,-,
2011,Brooklyn, Sunset Park,205,332 ,35.7 ,-,-,-,-,
2012,Brooklyn, Sunset Park,205,225 ,24.7 ,-,-,-,-,
2014,Brooklyn, Sunset Park,205,-,-,161 ,1.8 ,17 ,1.9 ,
2005,Manhattan, Union Square - Lower East Side,309,643 ,130.5 ,-,-,-,-,
2006,Manhattan, Union Square - Lower East Side,309,550 ,110.6 ,-,-,-,-,
2007,Manhattan, Union Square - Lower East Side,309,527 ,106.1 ,-,-,-,-,
2008,Manhattan, Union Square - Lower East Side,309,324 ,63.7 ,-,-,-,-,
2009,Manhattan, Union Square - Lower East Side,309,223 ,44.4 ,-,-,-,-,
2010,Manhattan, Union Square - Lower East Side,309,172 ,34.8 ,-,-,-,-,
2011,Manhattan, Union Square - Lower East Side,309,129 ,26.1 ,-,-,-,-,
2012,Manhattan, Union Square - Lower East Side,309,82 ,17.9 ,-,-,-,-,
2014,Manhattan, Union Square - Lower East Side,309,-,-,59 ,1.5 ,8* ,2.0* ,
2005,Manhattan, Upper East Side,305,256 ,53.4 ,-,-,-,-,
2006,Manhattan, Upper East Side,305,248 ,53.8 ,-,-,-,-,
2007,Manhattan, Upper East Side,305,243 ,50.6 ,-,-,-,-,
2008,Manhattan, Upper East Side,305,118 ,27.3 ,-,-,-,-,
2009,Manhattan, Upper East Side,305,110 ,25.6 ,-,-,-,-,
2010,Manhattan, Upper East Side,305,47 ,9.6 ,-,-,-,-,
2011,Manhattan, Upper East Side,305,65 ,13.1 ,-,-,-,-,
2012,Manhattan, Upper East Side,305,51 ,10.7 ,-,-,-,-,
2014,Manhattan, Upper East Side,305,-,-,35 ,0.8 ,**,0.7* ,
2005,Manhattan, Upper West Side,304,427 ,78.2 ,-,-,-,-,
2006,Manhattan, Upper West Side,304,422 ,76.6 ,-,-,-,-,
2007,Manhattan, Upper West Side,304,405 ,72.8 ,-,-,-,-,
2008,Manhattan, Upper West Side,304,273 ,49.3 ,-,-,-,-,
2009,Manhattan, Upper West Side,304,180 ,32.9 ,-,-,-,-,
2010,Manhattan, Upper West Side,304,100 ,17.6 ,-,-,-,-,
2011,Manhattan, Upper West Side,304,71 ,13.9 ,-,-,-,-,
2012,Manhattan, Upper West Side,304,68 ,14.1 ,-,-,-,-,
2014,Manhattan, Upper West Side,304,-,-,54 ,1.2 ,**,0.9* ,
2005,Manhattan, Washington Heights,301,1089 ,101.6 ,-,-,-,-,
2006,Manhattan, Washington Heights,301,1115 ,99.9 ,-,-,-,-,
2007,Manhattan, Washington Heights,301,948 ,85.2 ,-,-,-,-,
2008,Manhattan, Washington Heights,301,625 ,56.0 ,-,-,-,-,
2009,Manhattan, Washington Heights,301,342 ,31.5 ,-,-,-,-,
2010,Manhattan, Washington Heights,301,297 ,27.1 ,-,-,-,-,
2011,Manhattan, Washington Heights,301,269 ,24.1 ,-,-,-,-,
2012,Manhattan, Washington Heights,301,179 ,16.9 ,-,-,-,-,
2014,Manhattan, Washington Heights,301,-,-,144 ,1.5 ,22 ,2.3 ,
2005,Queens, West Queens,402,2267 ,117.5 ,-,-,-,-,
2006,Queens, West Queens,402,2336 ,110.0 ,-,-,-,-,
2007,Queens, West Queens,402,1785 ,84.3 ,-,-,-,-,
2008,Queens, West Queens,402,1448 ,62.6 ,-,-,-,-,
2009,Queens, West Queens,402,1035 ,44.4 ,-,-,-,-,
2010,Queens, West Queens,402,994 ,42.8 ,-,-,-,-,
2011,Queens, West Queens,402,764 ,32.6 ,-,-,-,-,
2012,Queens, West Queens,402,529 ,22.6 ,-,-,-,-,
2014,Queens, West Queens,402,-,-,473 ,2.1 ,74 ,3.3 ,
2005,Brooklyn, Williamsburg - Bushwick,211,2072 ,178.3 ,-,-,-,-,
2006,Brooklyn, Williamsburg - Bushwick,211,1836 ,158.4 ,-,-,-,-,
2007,Brooklyn, Williamsburg - Bushwick,211,1432 ,125.8 ,-,-,-,-,
2008,Brooklyn, Williamsburg - Bushwick,211,925 ,79.4 ,-,-,-,-,
2009,Brooklyn, Williamsburg - Bushwick,211,765 ,64.5 ,-,-,-,-,
2010,Brooklyn, Williamsburg - Bushwick,211,701 ,57.7 ,-,-,-,-,
2011,Brooklyn, Williamsburg - Bushwick,211,530 ,44.0 ,-,-,-,-,
2012,Brooklyn, Williamsburg - Bushwick,211,417 ,37.2 ,-,-,-,-,
2014,Brooklyn, Williamsburg - Bushwick,211,-,-,271 ,2.7 ,40 ,4.0 ,
2005,Staten Island, Willowbrook,503,108 ,44.6 ,-,-,-,-,
2006,Staten Island, Willowbrook,503,96 ,39.3 ,-,-,-,-,
2007,Staten Island, Willowbrook,503,88 ,33.5 ,-,-,-,-,
2008,Staten Island, Willowbrook,503,55 ,20.9 ,-,-,-,-,
2009,Staten Island, Willowbrook,503,65 ,25.1 ,-,-,-,-,
2010,Staten Island, Willowbrook,503,37 ,14.1 ,-,-,-,-,
2011,Staten Island, Willowbrook,503,37 ,14.6 ,-,-,-,-,
2012,Staten Island, Willowbrook,503,27 ,11.2 ,-,-,-,-,
2014,Staten Island, Willowbrook,503,-,-,16 ,0.7 ,,0.9
